{
  "create_time": "",
  "objects": [
    {
      "detected_time": "240322110221864",
      "object_id": "00000001",
      "object_type": 1,
      "x": 127.241,
      "y": 37.3060369,
      "size": {
        "x": 4.457031,
        "y": 1.869141,
        "z": 0.901452
      },
      "heading": 5.087321,
      "speed": 0.017543
    }
  ]
}