{
  "create_time": "",
  "objects": [
    {
      "detected_time": "240322110221864",
      "object_id": "00000001",
      "object_type": 1,
      "x": 127.240143,
      "y": 37.306054,
      "size": {
        "x": 4.457031,
        "y": 1.869141,
        "z": 0.901452
      },
      "heading": 5.087321,
      "speed": 0.017543
    },
    {
      "detected_time": "240322110221864",
      "object_id": "00000002",
      "object_type": 1,
      "x": 127.240149,
      "y": 37.306035,
      "size": {
        "x": 4.457031,
        "y": 1.869141,
        "z": 0.901452
      },
      "heading": 5.087321,
      "speed": 0.017543
    },
    {
      "detected_time": "240322110221864",
      "object_id": "00000003",
      "object_type": 1,
      "x": 127.240185,
      "y": 37.306030,
      "size": {
        "x": 4.457031,
        "y": 1.869141,
        "z": 0.901452
      },
      "heading": 5.087321,
      "speed": 0.017543
    },
    {
      "detected_time": "240322110221864",
      "object_id": "00000004",
      "object_type": 1,
      "x": 127.240096,
      "y": 37.306040,
      "size": {
        "x": 4.457031,
        "y": 1.869141,
        "z": 0.901452
      },
      "heading": 5.087321,
      "speed": 0.017543
    }
  ]
}